{
    "loss": 6.379462718963623,
    "accuracy": 0.5686274766921997
}